2025-11-28T01:27:04.752250+00:00,00bb91f1-8c2f-4a8b-a52f-f38ef0617150,,5,2,7
2025-11-28T01:27:05.164850+00:00,a1bdf189-d32d-4fcd-a464-6331d88d7d98,,5,2,7
2025-11-28T01:27:05.577121+00:00,64a79cf5-ec53-468c-8ead-94f997c6125d,,4,2,6
2025-11-28T01:27:05.994310+00:00,session,,13,2,15
2025-11-28T01:27:06.449847+00:00,b89bba10-71d5-4067-b72e-cb648b29a9df,,4,2,6
2025-11-28T01:27:44.732834+00:00,c54f0418-c4e1-4d8f-a3e2-c776e37981e7,,4,3,7
2025-11-28T01:29:16.939888+00:00,ebc5829a-c3b7-4382-89d8-89197cb2f2c8,,4,3,7
2025-11-28T03:25:43.064710+00:00,170ecc08-2e12-4ef4-b467-13040663ac1a,,5,2,7
2025-11-28T03:25:43.517130+00:00,c0a89735-a567-4f4e-93e4-f8c3d0009144,,5,2,7
2025-11-28T03:25:43.992619+00:00,c242257f-8f5b-482d-8544-c9f37db16d33,,4,2,6
2025-11-28T03:25:44.474410+00:00,session,,13,2,15
2025-11-28T03:25:44.937189+00:00,f3d56ffd-a3fb-4d62-85a4-f34769343b4a,,4,2,6
2025-11-28T03:26:33.810351+00:00,7f25be18-6a75-4398-821e-b63ca7ed9445,,4,3,7
2025-11-28T03:28:31.494451+00:00,33b4f060-f75d-43c9-aa4f-34f2da07671e,,4,3,7
2025-11-28T03:46:13.819619+00:00,a6e84b09-4fc3-4fdd-bcda-ca865df8e42a,,5,2,7
2025-11-28T03:46:14.272891+00:00,abc8ac2b-138f-4751-a4e5-d9ca17036964,,5,2,7
2025-11-28T03:46:14.721051+00:00,877efcbe-f77d-49d8-aec0-72c7eec0c098,,4,2,6
2025-11-28T03:46:15.179349+00:00,session,,13,2,15
2025-11-28T03:46:15.631290+00:00,03f00880-6651-4bbb-bc68-e934041a2eef,,4,2,6
2025-11-28T03:47:04.518460+00:00,3ee9c1d5-ab98-495e-9dde-9f25d253e40b,,4,3,7
2025-11-28T03:48:48.306893+00:00,73a0cb36-a0d4-4586-b674-3c92abbeb86c,,4,3,7
2025-11-28T03:50:56.233275+00:00,ce12dcb1-25a9-4b73-8b71-baca3a07bf8d,,5,2,7
2025-11-28T03:50:56.728673+00:00,c5c5ce22-baa2-439f-8e0f-3cc7fd51a055,,5,2,7
2025-11-28T03:50:57.151861+00:00,11be465a-21d3-485b-96bf-aca034f802be,,4,2,6
2025-11-28T03:50:57.582499+00:00,session,,13,2,15
2025-11-28T03:50:58.011907+00:00,b1bedb65-d3a9-48e9-9ff7-53475717c932,,4,2,6
2025-11-28T03:51:38.979819+00:00,138f9c8b-cead-45e5-817b-7b76266da3d4,,4,3,7
2025-11-28T03:53:15.512937+00:00,112b8e12-da50-4f9b-b636-2b73ac56f537,,4,3,7
2025-11-28T03:59:59.424402+00:00,45c11e02-97e0-46dc-b64f-5116a137a56d,,5,2,7
2025-11-28T03:59:59.888826+00:00,571c26e2-e092-4543-8ef9-71e30984b2f3,,5,2,7
2025-11-28T04:00:00.348187+00:00,545ebb45-eedb-4fc0-a9b5-2fba1f169f9c,,4,2,6
2025-11-28T04:00:00.807844+00:00,session,,13,2,15
2025-11-28T04:00:01.272807+00:00,4893fe6d-524b-4bd8-b266-45a833644d21,,4,2,6
2025-11-28T04:00:52.026354+00:00,2c4718a3-8ed6-44f1-903a-d1a73e9fce10,,4,3,7
2025-11-28T04:03:23.929237+00:00,c049886c-98be-48f7-8981-690ef72e2677,,4,3,7
2025-11-28T12:40:02.495582+00:00,86f91bce-0947-4908-8a64-5f4f7bdb6484,,5,2,7
2025-11-28T12:40:02.939155+00:00,faf47cff-749a-490f-b21e-c7ac05d83d77,,5,2,7
2025-11-28T12:40:03.377395+00:00,c7bd85f0-edc6-4668-b7d3-90d93cf1fa2a,,4,2,6
2025-11-28T12:40:03.817866+00:00,session,,13,2,15
2025-11-28T12:40:04.256525+00:00,de8e04dd-31a1-493b-a903-8970e102c1f9,,4,2,6
2025-11-28T12:40:48.100041+00:00,b3105428-9ce8-46b6-ad66-3d01aa9ae213,,4,3,7
2025-11-28T12:42:30.317139+00:00,6a6d2345-6816-4fd1-9f66-3939c7435dcf,,4,3,7
